Gene ID,Symbol,Alpha,Phi,RS,Description
101169125,tfap2e,0.592362114,0.856541025,0.576668267,"transcription factor AP-2 epsilon (tfap2e), transcript variant X2, mRNA;transcription factor AP-2 epsilon (tfap2e), transcript variant X1, mRNA"
105356367,LOC105356367,0.764503901,1.277955193,0.316036587,"diacylglycerol kinase beta (LOC105356367), mRNA"
111948357,LOC111948357,3.990853324,1.810016512,0.372845883,"nestin-like (LOC111948357), mRNA"
101163274,kcnq3,0.642934497,1.839017706,0.595911014,"potassium voltage-gated channel subfamily Q member 3 (kcnq3), mRNA"
101173922,LOC101173922,0.889244248,3.005188571,0.309934959,"uncharacterized LOC101173922 (LOC101173922), mRNA"
BGI_novel_G000764,NA,1.401148851,3.05157549,0.300249183,NA
101174284,LOC101174284,0.80787962,3.258592986,0.559554904,"protocadherin Fat 3 (LOC101174284), transcript variant X4, mRNA;protocadherin Fat 3 (LOC101174284), transcript variant X2, mRNA;protocadherin Fat 3 (LOC101174284), transcript variant X1, mRNA;protocadherin Fat 3 (LOC101174284), transcript variant X3, mRNA"
101171107,LOC101171107,1.042134995,4.540351188,0.436252586,"tyrosine-protein kinase STYK1 (LOC101171107), transcript variant X2, mRNA;tyrosine-protein kinase STYK1 (LOC101171107), transcript variant X1, mRNA"
101171180,LOC101171180,0.585927795,5.325665196,0.326643134,"FH1/FH2 domain-containing protein 3 (LOC101171180), transcript variant X4, mRNA;FH1/FH2 domain-containing protein 3 (LOC101171180), transcript variant X3, mRNA;FH1/FH2 domain-containing protein 3 (LOC101171180), transcript variant X2, mRNA;FH1/FH2 domain-containing protein 3 (LOC101171180), transcript variant X1, mRNA;FH1/FH2 domain-containing protein 3 (LOC101171180), transcript variant X6, mRNA;FH1/FH2 domain-containing protein 3 (LOC101171180), transcript variant X5, mRNA"
101173859,LOC101173859,1.730952392,5.925362152,0.379062522,"uncharacterized oxidoreductase YjmC (LOC101173859), transcript variant X2, mRNA;uncharacterized oxidoreductase YjmC (LOC101173859), transcript variant X1, mRNA"
101171449,LOC101171449,1.502863767,6.37576249,0.403791566,"retinal-specific ATP-binding cassette transporter (LOC101171449), transcript variant X3, mRNA;retinal-specific ATP-binding cassette transporter (LOC101171449), transcript variant X1, mRNA;retinal-specific ATP-binding cassette transporter (LOC101171449), transcript variant X2, mRNA"
101160457,LOC101160457,0.717281878,6.390521767,0.370068749,"protein phosphatase 1 regulatory subunit 29-like (LOC101160457), mRNA"
105357264,LOC105357264,1.260068894,7.48626088,0.316779263,"serine/threonine-protein kinase pim-1-like (LOC105357264), transcript variant X1, mRNA;serine/threonine-protein kinase pim-1-like (LOC105357264), transcript variant X2, mRNA"
101167753,g2e3,0.590944282,7.871986977,0.301340163,"G2/M-phase specific E3 ubiquitin protein ligase (g2e3), transcript variant X1, mRNA;G2/M-phase specific E3 ubiquitin protein ligase (g2e3), transcript variant X2, mRNA"
101161227,zfhx3,0.581431237,8.850903324,0.588313404,"zinc finger homeobox 3 (zfhx3), mRNA"
101164833,LOC101164833,0.59896496,9.464763918,0.401055759,"lysine-specific demethylase 6B (LOC101164833), transcript variant X1, mRNA;lysine-specific demethylase 6B (LOC101164833), transcript variant X2, mRNA"
111946283,LOC111946283,0.61256581,9.649548908,0.351529007,"uncharacterized LOC111946283 (LOC111946283), transcript variant X4, mRNA;uncharacterized LOC111946283 (LOC111946283), transcript variant X1, mRNA;uncharacterized LOC111946283 (LOC111946283), transcript variant X3, mRNA"
111947904,l1td1,3.396828502,9.879339539,0.30005222,"LINE1 type transposase domain containing 1 (l1td1), mRNA"
111947363,LOC111947363,4.768898648,10.56687033,0.45556668,"uncharacterized LOC111947363 (LOC111947363), transcript variant X1, mRNA"
101172603,LOC101172603,0.834941647,11.54181875,0.507675267,"E3 ubiquitin-protein ligase TRIM21-like (LOC101172603), transcript variant X1, mRNA;E3 ubiquitin-protein ligase TRIM21-like (LOC101172603), transcript variant X2, mRNA"
110015234,LOC110015234,4.565894745,11.67197721,0.315451643,"G2/M phase-specific E3 ubiquitin-protein ligase-like (LOC110015234), mRNA"
BGI_novel_G000013,NA,6.15135579,12.15489421,0.385250852,NA
101171197,LOC101171197,0.792603828,12.97567931,0.387252387,"tripartite motif-containing protein 16 (LOC101171197), mRNA"
BGI_novel_G000166,NA,1.217073146,13.05930521,0.449214846,NA
101155284,csmd2,0.589438534,13.8935761,0.463823254,"CUB and Sushi multiple domains 2 (csmd2), transcript variant X3, mRNA;CUB and Sushi multiple domains 2 (csmd2), transcript variant X1, mRNA;CUB and Sushi multiple domains 2 (csmd2), transcript variant X2, mRNA"
101156687,LOC101156687,1.962808408,14.8528774,0.334742477,"integrin alpha-M-like (LOC101156687), mRNA"
111948221,LOC111948221,1.298597694,14.90934339,0.341041809,"uncharacterized LOC111948221 (LOC111948221), mRNA"
101172692,LOC101172692,1.255003557,15.56319467,0.386503746,"potassium voltage-gated channel subfamily H member 2 (LOC101172692), mRNA"
BGI_novel_G000245,NA,8.274834514,15.62515716,0.447744513,NA
101159207,LOC101159207,0.673477018,16.19464571,0.376335034,"adenylate cyclase type 2 (LOC101159207), transcript variant X1, mRNA;adenylate cyclase type 2 (LOC101159207), transcript variant X3, mRNA;adenylate cyclase type 2 (LOC101159207), transcript variant X4, mRNA;adenylate cyclase type 2 (LOC101159207), transcript variant X2, mRNA"
BGI_novel_G000861,NA,6.634464978,16.77157825,0.304545861,NA
101161736,csmd3,0.811891908,17.08371691,0.468789454,"CUB and Sushi multiple domains 3 (csmd3), transcript variant X4, mRNA;CUB and Sushi multiple domains 3 (csmd3), transcript variant X2, mRNA;CUB and Sushi multiple domains 3 (csmd3), transcript variant X3, mRNA;CUB and Sushi multiple domains 3 (csmd3), transcript variant X1, mRNA"
101161745,LOC101161745,0.648692168,17.89752115,0.390053896,"potassium voltage-gated channel subfamily KQT member 5 (LOC101161745), transcript variant X1, mRNA;potassium voltage-gated channel subfamily KQT member 5 (LOC101161745), transcript variant X2, mRNA"
111946425,LOC111946425,1.374092766,18.73025593,0.335676554,"NLR family CARD domain-containing protein 3-like (LOC111946425), mRNA"
101166136,LOC101166136,1.312711197,18.77472632,0.324648482,"complement C1q tumor necrosis factor-related protein 1 (LOC101166136), mRNA"
101172377,LOC101172377,0.774178846,18.8884265,0.346945286,"collagen alpha-1(XII) chain (LOC101172377), transcript variant X1, mRNA;collagen alpha-1(XII) chain (LOC101172377), transcript variant X3, mRNA;collagen alpha-1(XII) chain (LOC101172377), transcript variant X2, mRNA;collagen alpha-1(XII) chain (LOC101172377), transcript variant X4, mRNA"
101158756,LOC101158756,0.65286852,19.11216588,0.615793534,"uncharacterized LOC101158756 (LOC101158756), transcript variant X1, mRNA;uncharacterized LOC101158756 (LOC101158756), transcript variant X2, mRNA"
BGI_novel_G000444,NA,4.607014547,19.55498551,0.357633757,NA
101172942,sobp,0.996121585,19.84890429,0.331797755,"sine oculis binding protein homolog (sobp), transcript variant X1, mRNA;sine oculis binding protein homolog (sobp), transcript variant X3, mRNA;sine oculis binding protein homolog (sobp), transcript variant X2, mRNA"
111946305,LOC111946305,4.099025954,20.17616964,0.34048853,"paraneoplastic antigen Ma3 homolog (LOC111946305), mRNA"
101162797,gskip,0.8632565,20.42143654,0.308822466,"GSK3B interacting protein (gskip), transcript variant X1, mRNA;GSK3B interacting protein (gskip), transcript variant X2, mRNA"
100529172,nlgn1,1.127095677,21.03751834,0.331759546,"neuroligin 1 (nlgn1), mRNA;neuroligin 1 (nlgn1), transcript variant X2, mRNA;neuroligin 1 (nlgn1), transcript variant X3, mRNA;neuroligin 1 (nlgn1), transcript variant X1, mRNA"
101175633,zar1,4.231385673,22.5888292,0.342639172,"zygote arrest 1 (zar1), transcript variant X2, mRNA;zygote arrest 1 (zar1), transcript variant X1, mRNA"
101158260,nell1,0.790921008,23.01021949,0.418387482,"neural EGFL like 1 (nell1), mRNA"
101158280,LOC101158280,0.745363329,23.15997083,0.35698851,"uncharacterized LOC101158280 (LOC101158280), transcript variant X1, mRNA"
101156787,kdm7a,0.735536659,23.31025864,0.336022442,"lysine demethylase 7A (kdm7a), mRNA"
101172512,LOC101172512,2.027652154,23.99530131,0.327850564,"arsenite methyltransferase-like (LOC101172512), mRNA"
101157028,LOC101157028,5.444300229,27.21054733,0.405098359,"C-type lectin domain family 17, member A-like (LOC101157028), transcript variant X1, mRNA;C-type lectin domain family 17, member A-like (LOC101157028), transcript variant X2, mRNA"
101163640,igf2bp1,1.390392763,29.16664015,0.464496488,"insulin like growth factor 2 mRNA binding protein 1 (igf2bp1), transcript variant X1, mRNA;insulin like growth factor 2 mRNA binding protein 1 (igf2bp1), transcript variant X2, mRNA"
111947636,LOC111947636,1.107840101,29.37310923,0.342111782,"uncharacterized protein C2orf16-like (LOC111947636), mRNA"
BGI_novel_G000592,NA,1.307777967,29.46402583,0.312832415,NA
105358014,LOC105358014,1.449592593,29.72340434,0.389385219,"microtubule-associated protein futsch (LOC105358014), transcript variant X5, mRNA;microtubule-associated protein futsch (LOC105358014), transcript variant X1, mRNA;microtubule-associated protein futsch (LOC105358014), transcript variant X6, mRNA;microtubule-associated protein futsch (LOC105358014), transcript variant X3, mRNA;microtubule-associated protein futsch (LOC105358014), transcript variant X4, mRNA"
110013339,LOC110013339,5.170018957,29.79925512,0.511596276,"NACHT, LRR and PYD domains-containing protein 12-like (LOC110013339), mRNA"
100820712,c-fos,0.739699929,29.80180066,0.302600518,"c-fos protein (c-fos), transcript variant X1, mRNA;c-fos protein (c-fos), mRNA"
BGI_novel_G000017,NA,6.841965518,29.93730148,0.375555943,NA
101168806,sacs,0.650531644,30.32134177,0.42256869,"sacsin molecular chaperone (sacs), transcript variant X3, mRNA;sacsin molecular chaperone (sacs), transcript variant X1, mRNA;sacsin molecular chaperone (sacs), transcript variant X2, mRNA"
101157389,LOC101157389,1.355927395,31.99788564,0.320020372,"homeobox protein CHOX-CAD (LOC101157389), mRNA"
100125495,LOC100125495,1.817102386,32.04614004,0.37518599,"beta,beta-carotene 15,15'-dioxygenase (LOC100125495), mRNA"
101159719,LOC101159719,1.014813079,32.44059661,0.454921951,"titin (LOC101159719), mRNA"
BGI_novel_G000792,NA,1.247750949,32.95462918,0.376917943,NA
BGI_novel_G000665,NA,10.10291058,33.29968749,0.354359934,NA
BGI_novel_G000661,NA,10.47700144,33.48235848,0.353657367,NA
BGI_novel_G000866,NA,0.583955341,33.99156335,0.375526079,NA
101166162,LOC101166162,4.21422339,33.99599015,0.338711772,"germ cell-specific gene 1-like protein (LOC101166162), transcript variant X2, mRNA;germ cell-specific gene 1-like protein (LOC101166162), transcript variant X1, mRNA"
BGI_novel_G000660,NA,10.67906604,34.21999978,0.49366294,NA
105355708,sgcd,0.696408468,34.52556044,0.606059639,"sarcoglycan delta (sgcd), transcript variant X5, mRNA;sarcoglycan delta (sgcd), transcript variant X3, mRNA;sarcoglycan delta (sgcd), transcript variant X4, mRNA;sarcoglycan delta (sgcd), transcript variant X2, mRNA;sarcoglycan delta (sgcd), transcript variant X1, mRNA;sarcoglycan delta (sgcd), transcript variant X6, mRNA"
BGI_novel_G000663,NA,9.829899189,34.62949963,0.364361452,NA
101161595,LOC101161595,1.813202758,34.86542787,0.323856425,"gap junction beta-3 protein (LOC101161595), mRNA"
101172000,itk,1.622325064,35.01039768,0.380450598,"IL2 inducible T cell kinase (itk), mRNA"
101173267,LOC101173267,2.764785508,35.07597072,0.554510551,"alpha-tectorin-like (LOC101173267), mRNA"
101170919,ptgis,1.220833458,35.84007244,0.484620133,"prostaglandin I2 synthase (ptgis), mRNA"
100125473,star,5.630174059,36.04348207,0.323247242,"steroidogenic acute regulatory protein (star), mRNA"
101175594,LOC101175594,1.264465524,36.5508958,0.377591806,"NLR family CARD domain-containing protein 3 (LOC101175594), transcript variant X2, mRNA;NLR family CARD domain-containing protein 3 (LOC101175594), transcript variant X1, mRNA"
110015002,LOC110015002,1.043301007,37.26372136,0.570517957,"SH3 domain-containing protein C23A1.17-like (LOC110015002), mRNA"
111947515,LOC111947515,2.012245429,37.70608908,0.460079272,"zinc finger protein 213-like (LOC111947515), mRNA"
101175565,LOC101175565,0.675005025,37.7843317,0.382449339,"dysbindin (LOC101175565), mRNA"
101168558,morn3,1.303436654,37.86473205,0.318804101,"MORN repeat containing 3 (morn3), mRNA"
101169554,sim2,0.881374739,37.92004125,0.395626915,"single-minded family bHLH transcription factor 2 (sim2), mRNA"
110017435,fam237a,5.264496559,37.9633773,0.304442061,"family with sequence similarity 237 member A (fam237a), mRNA"
101175284,LOC101175284,0.978717746,38.70573611,0.319737007,"GAS2-like protein 3 (LOC101175284), transcript variant X2, mRNA;GAS2-like protein 3 (LOC101175284), transcript variant X1, mRNA"
101159879,LOC101159879,1.497892333,40.05746239,0.305799586,"guanylin (LOC101159879), mRNA"
101156696,plxnc1,0.727769778,40.3013951,0.306558585,"plexin C1 (plxnc1), transcript variant X2, mRNA;plexin C1 (plxnc1), transcript variant X1, mRNA"
101162248,LOC101162248,0.601301909,40.53402668,0.301132528,"transmembrane protein 88 (LOC101162248), mRNA"
111947322,LOC111947322,2.748141779,41.28023237,0.327051622,"fibronectin type III domain-containing protein 7-like (LOC111947322), mRNA"
101156590,igf2bp3,1.346331977,41.39331769,0.451959001,"insulin like growth factor 2 mRNA binding protein 3 (igf2bp3), transcript variant X1, mRNA;insulin like growth factor 2 mRNA binding protein 3 (igf2bp3), transcript variant X4, mRNA;insulin like growth factor 2 mRNA binding protein 3 (igf2bp3), transcript variant X3, mRNA;insulin like growth factor 2 mRNA binding protein 3 (igf2bp3), transcript variant X2, mRNA"
111948940,LOC111948940,8.758440202,41.88217065,0.74687581,"dynein beta chain, ciliary-like (LOC111948940), mRNA"
111947677,LOC111947677,7.423107641,41.92200471,0.329811878,"uncharacterized LOC111947677 (LOC111947677), mRNA"
101166986,LOC101166986,1.501257915,41.95489573,0.464887804,"uncharacterized LOC101166986 (LOC101166986), transcript variant X4, mRNA;uncharacterized LOC101166986 (LOC101166986), transcript variant X2, mRNA;uncharacterized LOC101166986 (LOC101166986), transcript variant X8, mRNA;uncharacterized LOC101166986 (LOC101166986), transcript variant X5, mRNA;uncharacterized LOC101166986 (LOC101166986), transcript variant X1, mRNA;uncharacterized LOC101166986 (LOC101166986), transcript variant X3, mRNA;uncharacterized LOC101166986 (LOC101166986), transcript variant X6, mRNA;uncharacterized LOC101166986 (LOC101166986), transcript variant X9, mRNA;uncharacterized LOC101166986 (LOC101166986), transcript variant X7, mRNA"
101162167,LOC101162167,0.643669298,42.3373474,0.304109389,"uncharacterized LOC101162167 (LOC101162167), mRNA"
BGI_novel_G000662,NA,7.79980025,42.40247644,0.316673888,NA
101175564,sntb2,0.600700488,43.21173437,0.39162351,"syntrophin beta 2 (sntb2), mRNA"
BGI_novel_G000698,NA,2.436671171,43.94864395,0.382843989,NA
101156515,fosb,0.961496278,44.49766017,0.338578766,"FosB proto-oncogene, AP-1 transcription factor subunit (fosb), transcript variant X4, mRNA;FosB proto-oncogene, AP-1 transcription factor subunit (fosb), transcript variant X1, mRNA;FosB proto-oncogene, AP-1 transcription factor subunit (fosb), transcript variant X2, mRNA;FosB proto-oncogene, AP-1 transcription factor subunit (fosb), transcript variant X3, mRNA"
100049397,LOC100049397,0.937691969,44.58314359,0.366904055,"metallothionein (LOC100049397), mRNA;metallothionein (LOC100049397), transcript variant X1, mRNA"
101168687,LOC101168687,0.870923046,44.73046556,0.339422797,"apoptosis regulator BAX (LOC101168687), mRNA"
BGI_novel_G000602,NA,1.699291227,45.25731971,0.412737467,NA
101158266,LOC101158266,2.792858841,45.59540322,0.34945479,"calcium-activated potassium channel subunit beta-2 (LOC101158266), mRNA"
101174210,LOC101174210,4.097818153,46.26780903,0.342603155,"tyrosine kinase receptor Cad96Ca (LOC101174210), transcript variant X2, mRNA;tyrosine kinase receptor Cad96Ca (LOC101174210), transcript variant X1, mRNA"
101166816,LOC101166816,1.23589703,47.66290043,0.449268587,"protein FAM57A (LOC101166816), transcript variant X2, mRNA;protein FAM57A (LOC101166816), transcript variant X1, mRNA"
100192342,valop,1.196871142,47.77021726,0.305094791,"vertebrate ancient long opsin (valop), mRNA"
101155804,LOC101155804,0.718168797,47.91933747,0.350510419,"monocarboxylate transporter 7 (LOC101155804), transcript variant X2, mRNA;monocarboxylate transporter 7 (LOC101155804), transcript variant X1, mRNA"
101156799,LOC101156799,1.487220748,47.96430188,0.408317413,"germ cell-specific gene 1-like protein (LOC101156799), mRNA"
105357913,LOC105357913,6.370164352,47.96558305,0.375523717,"uncharacterized LOC105357913 (LOC105357913), mRNA"
101167468,psph,0.810927961,48.300748,0.427738803,"phosphoserine phosphatase (psph), mRNA"
101170288,ttc36,0.785303045,48.57929742,0.404151363,"tetratricopeptide repeat domain 36 (ttc36), mRNA"
101157574,LOC101157574,1.090682542,48.84530658,0.343995496,"NLR family CARD domain-containing protein 3 (LOC101157574), mRNA"
105356328,LOC105356328,4.452223967,49.01478797,0.312538339,"uncharacterized LOC105356328 (LOC105356328), mRNA"
111947331,LOC111947331,6.226278729,49.06524241,0.330752184,"uncharacterized LOC111947331 (LOC111947331), mRNA"
101165804,alx3,0.959640932,49.0774527,0.414279809,"ALX homeobox 3 (alx3), mRNA"
105355155,LOC105355155,1.536286321,49.73128062,0.511372736,"T-cell differentiation antigen CD6 (LOC105355155), transcript variant X5, mRNA;T-cell differentiation antigen CD6 (LOC105355155), transcript variant X3, mRNA;T-cell differentiation antigen CD6 (LOC105355155), transcript variant X2, mRNA;T-cell differentiation antigen CD6 (LOC105355155), transcript variant X4, mRNA;T-cell differentiation antigen CD6 (LOC105355155), transcript variant X1, mRNA;T-cell differentiation antigen CD6 (LOC105355155), transcript variant X6, mRNA"
101174164,LOC101174164,2.000829887,49.8072234,0.574133446,"transmembrane protein 136-like (LOC101174164), transcript variant X2, mRNA;transmembrane protein 136-like (LOC101174164), transcript variant X1, mRNA"
101165098,LOC101165098,0.715616413,50.00182955,0.512256367,"Krueppel-like factor 9 (LOC101165098), mRNA"
100301609,foxd4,1.275283765,50.1965032,0.480606588,"forkhead box D4 (foxd4), mRNA"
101167749,neto1,0.62902423,50.28955269,0.347628673,"neuropilin and tolloid like 1 (neto1), transcript variant X3, mRNA;neuropilin and tolloid like 1 (neto1), transcript variant X1, mRNA;neuropilin and tolloid like 1 (neto1), transcript variant X2, mRNA;neuropilin and tolloid like 1 (neto1), transcript variant X5, mRNA;neuropilin and tolloid like 1 (neto1), transcript variant X4, mRNA"
101158139,LOC101158139,2.325649597,50.61172191,0.573963772,"outer dense fiber protein 2 (LOC101158139), transcript variant X2, mRNA;outer dense fiber protein 2 (LOC101158139), transcript variant X1, mRNA"
101175272,vkorc1,1.130541415,50.63807291,0.347400414,"vitamin K epoxide reductase complex subunit 1 (vkorc1), mRNA"
100125517,LOC100125517,0.646063557,50.71536125,0.344504332,"UDP-glucuronosyltransferase (LOC100125517), mRNA"
101165607,plekhh1,1.38008011,51.03081057,0.4034416,"pleckstrin homology, MyTH4 and FERM domain containing H1 (plekhh1), transcript variant X1, mRNA;pleckstrin homology, MyTH4 and FERM domain containing H1 (plekhh1), transcript variant X2, mRNA;pleckstrin homology, MyTH4 and FERM domain containing H1 (plekhh1), transcript variant X3, mRNA"
101172025,dhx30,0.736852959,51.21073128,0.420085868,"DExH-box helicase 30 (dhx30), transcript variant X2, mRNA;DExH-box helicase 30 (dhx30), transcript variant X1, mRNA"
105355998,LOC105355998,0.620099499,51.32314144,0.406309806,"protein FAM110C-like (LOC105355998), mRNA"
101160051,slc6a8,0.646700669,51.63809323,0.334263243,"solute carrier family 6 member 8 (slc6a8), mRNA"
101173339,LOC101173339,0.960099175,51.89693643,0.351427906,"inward rectifier potassium channel 2 (LOC101173339), mRNA"
101157573,rbp4,0.606585681,52.09311311,0.307775802,"retinol binding protein 4 (rbp4), mRNA"
105354421,lrrc23,1.429967534,52.62438664,0.326633465,"leucine rich repeat containing 23 (lrrc23), transcript variant X2, mRNA;leucine rich repeat containing 23 (lrrc23), transcript variant X1, mRNA"
101161596,LOC101161596,0.909261225,52.71806457,0.55633661,"uncharacterized LOC101161596 (LOC101161596), mRNA"
101160182,LOC101160182,3.041787563,53.19674491,0.521240761,"claudin-4-like (LOC101160182), mRNA"
101169965,LOC101169965,1.708653424,53.2738565,0.316452535,"sodium channel subunit beta-4 (LOC101169965), mRNA"
101162693,galnt12,0.84640231,53.71387334,0.341438883,"polypeptide N-acetylgalactosaminyltransferase 12 (galnt12), transcript variant X1, mRNA;polypeptide N-acetylgalactosaminyltransferase 12 (galnt12), transcript variant X2, mRNA"
101154901,alx1,4.711713764,54.16840525,0.346945239,"ALX homeobox 1 (alx1), mRNA"
BGI_novel_G000600,NA,6.211350306,54.34550559,0.347847053,NA
101169630,LOC101169630,0.795095266,55.37832456,0.418606252,"spartin (LOC101169630), transcript variant X3, mRNA;spartin (LOC101169630), transcript variant X1, mRNA;spartin (LOC101169630), transcript variant X2, mRNA"
100335143,sumo2,2.102424153,57.35902727,0.388431084,"small ubiquitin-like modifier 2 (sumo2), mRNA"
101163702,pah,0.648759501,58.01048112,0.310852958,"phenylalanine hydroxylase (pah), mRNA"
101164992,slc25a35,0.661524387,58.15444851,0.354799714,"solute carrier family 25 member 35 (slc25a35), mRNA"
101169954,tmem42,0.804158727,58.62563577,0.432503045,"transmembrane protein 42 (tmem42), transcript variant X1, mRNA;transmembrane protein 42 (tmem42), transcript variant X2, mRNA"
101172400,pla2g4a,0.892520708,58.82042745,0.501660297,"phospholipase A2 group IVA (pla2g4a), transcript variant X2, mRNA;phospholipase A2 group IVA (pla2g4a), transcript variant X1, mRNA"
101173266,LOC101173266,0.708558107,59.10501917,0.335784639,"uncharacterized LOC101173266 (LOC101173266), mRNA"
110017489,LOC110017489,0.670323496,59.34284973,0.392284818,"uncharacterized J domain-containing protein C17A3.05c (LOC110017489), mRNA"
101159364,ppt2,1.047730703,59.49370752,0.404439957,"palmitoyl-protein thioesterase 2 (ppt2), mRNA"
101166198,nans,0.601289933,59.81559868,0.425271724,"N-acetylneuraminate synthase (nans), mRNA"
101161834,LOC101161834,1.569962437,59.87425843,0.30743584,"G-protein coupled receptor 55-like (LOC101161834), mRNA"
101157577,colec12,0.798728248,60.18868994,0.311286916,"collectin subfamily member 12 (colec12), mRNA"
101175667,LOC101175667,5.674370818,60.6589465,0.420989136,"putative helicase mov-10-B.2 (LOC101175667), transcript variant X2, mRNA;putative helicase mov-10-B.2 (LOC101175667), transcript variant X1, mRNA"
101170367,egln1,0.594131621,61.03478882,0.439233275,"egl-9 family hypoxia inducible factor 1 (egln1), transcript variant X2, mRNA;egl-9 family hypoxia inducible factor 1 (egln1), transcript variant X1, mRNA"
101165067,c7,0.884802488,61.2673343,0.405031313,"complement C7 (c7), transcript variant X1, mRNA;complement C7 (c7), transcript variant X2, mRNA;complement C7 (c7), transcript variant X3, mRNA"
100820716,ggtl1a,0.994255068,61.47415703,0.304226698,"gamma-glutamyl transferase-like 1a (ggtl1a), mRNA"
101171616,cmbl,0.815083181,62.0715985,0.362665507,"carboxymethylenebutenolidase homolog (cmbl), mRNA"
101170060,trpm2,0.643862825,62.24974047,0.305239694,"transient receptor potential cation channel subfamily M member 2 (trpm2), mRNA"
BGI_novel_G000350,NA,1.239266347,62.40631826,0.33962146,NA
101155127,syk,0.700199704,62.50190151,0.578264844,"spleen associated tyrosine kinase (syk), transcript variant X4, mRNA;spleen associated tyrosine kinase (syk), transcript variant X3, mRNA;spleen associated tyrosine kinase (syk), transcript variant X2, mRNA;spleen associated tyrosine kinase (syk), transcript variant X1, mRNA"
105357953,LOC105357953,1.031782917,62.59891336,0.390552004,"SITS-binding protein (LOC105357953), transcript variant X1, mRNA"
101165763,dsp,0.606372894,62.63502937,0.386922358,"desmoplakin (dsp), transcript variant X2, mRNA;desmoplakin (dsp), transcript variant X1, mRNA;desmoplakin (dsp), transcript variant X3, mRNA"
101165180,LOC101165180,0.822550248,62.78561801,0.465212352,"protein-glutamine gamma-glutamyltransferase K (LOC101165180), mRNA"
101160000,LOC101160000,0.939251701,62.78985099,0.3311314,"calcium-binding mitochondrial carrier protein SCaMC-2-A (LOC101160000), mRNA"
101172870,esam,0.686930355,63.2348329,0.402875794,"endothelial cell adhesion molecule (esam), mRNA"
105356514,bricd5,7.283388011,63.82105308,0.387716619,"BRICHOS domain containing 5 (bricd5), transcript variant X1, mRNA;BRICHOS domain containing 5 (bricd5), transcript variant X2, mRNA"
101159659,thsd4,1.056681442,64.21621762,0.316995203,"thrombospondin type 1 domain containing 4 (thsd4), mRNA"
101172074,LOC101172074,0.831979804,64.24866348,0.456215829,"very long-chain acyl-CoA synthetase (LOC101172074), mRNA"
101158477,LOC101158477,6.860248153,64.41318929,0.4136132,"lens fiber membrane intrinsic protein (LOC101158477), mRNA"
101165161,LOC101165161,0.86343048,65.02849682,0.524112353,"proline dehydrogenase 1, mitochondrial (LOC101165161), mRNA"
101158987,LOC101158987,1.276307856,65.14788191,0.306072425,"troponin T, cardiac muscle isoforms (LOC101158987), transcript variant X2, mRNA;troponin T, cardiac muscle isoforms (LOC101158987), transcript variant X1, mRNA"
101160752,slc1a5,0.878808685,65.16851182,0.514942749,"solute carrier family 1 member 5 (slc1a5), mRNA"
101164297,cth,0.712015416,65.18953844,0.439269943,"cystathionine gamma-lyase (cth), mRNA"
101167342,LOC101167342,1.780612574,65.25472961,0.37653633,"GTPase IMAP family member 7 (LOC101167342), mRNA"
101163475,LOC101163475,0.799643052,65.29563037,0.332562023,"anthrax toxin receptor 1-like (LOC101163475), mRNA"
105354632,LOC105354632,0.581155721,65.47498733,0.35317452,"GTPase IMAP family member 4 (LOC105354632), transcript variant X1, mRNA;GTPase IMAP family member 4 (LOC105354632), transcript variant X2, mRNA"
101168641,LOC101168641,0.9076346,65.78116296,0.404521803,"solute carrier family 22 member 6 (LOC101168641), transcript variant X2, mRNA;solute carrier family 22 member 6 (LOC101168641), transcript variant X1, mRNA"
101156965,LOC101156965,1.245075482,65.884182,0.390636433,"cytochrome P450 2J6 (LOC101156965), mRNA"
105353609,LOC105353609,1.614021475,66.55688587,0.313051378,"proteinase-activated receptor 4 (LOC105353609), mRNA"
101174644,LOC101174644,1.536453537,67.02694436,0.322885926,"uncharacterized LOC101174644 (LOC101174644), transcript variant X1, mRNA;uncharacterized LOC101174644 (LOC101174644), transcript variant X2, mRNA"
101168135,LOC101168135,0.64828834,67.06730322,0.322057653,"cholesterol 25-hydroxylase-like protein 2 (LOC101168135), mRNA"
101174331,LOC101174331,0.762791601,67.38162157,0.582530286,"phosphorylase b kinase regulatory subunit alpha, liver isoform (LOC101174331), transcript variant X2, mRNA;phosphorylase b kinase regulatory subunit alpha, liver isoform (LOC101174331), transcript variant X1, mRNA;phosphorylase b kinase regulatory subunit alpha, liver isoform (LOC101174331), transcript variant X4, mRNA;phosphorylase b kinase regulatory subunit alpha, liver isoform (LOC101174331), transcript variant X3, mRNA;phosphorylase b kinase regulatory subunit alpha, liver isoform (LOC101174331), transcript variant X6, mRNA;phosphorylase b kinase regulatory subunit alpha, liver isoform (LOC101174331), transcript variant X5, mRNA"
101157439,snx7,1.013412985,68.9725604,0.407563599,"sorting nexin 7 (snx7), mRNA"
101155612,pdk4,0.640648977,68.98510409,0.444388917,"pyruvate dehydrogenase kinase 4 (pdk4), mRNA"
101165110,LOC101165110,0.723399841,69.08811467,0.322904278,"cytochrome c iso-1/iso-2 (LOC101165110), transcript variant X2, mRNA;cytochrome c iso-1/iso-2 (LOC101165110), transcript variant X1, mRNA"
101167657,LOC101167657,0.634870372,69.09529862,0.384280792,"cadherin-7 (LOC101167657), transcript variant X4, mRNA;cadherin-7 (LOC101167657), transcript variant X1, mRNA;cadherin-7 (LOC101167657), transcript variant X3, mRNA;cadherin-7 (LOC101167657), transcript variant X2, mRNA"
101172590,LOC101172590,0.798908072,69.38896168,0.400826754,"protein bicaudal C homolog 1 (LOC101172590), transcript variant X5, mRNA;protein bicaudal C homolog 1 (LOC101172590), transcript variant X3, mRNA;protein bicaudal C homolog 1 (LOC101172590), transcript variant X4, mRNA;protein bicaudal C homolog 1 (LOC101172590), transcript variant X1, mRNA;protein bicaudal C homolog 1 (LOC101172590), transcript variant X2, mRNA"
101168458,LOC101168458,1.622806929,69.6949178,0.403002134,"protein-glutamine gamma-glutamyltransferase 2 (LOC101168458), mRNA"
100125817,cyp3a40,0.721312125,69.77009864,0.367332878,"cytochrome P450 3A40 (cyp3a40), mRNA"
101173068,pitpnb,0.891278237,70.23591847,0.408225906,"phosphatidylinositol transfer protein beta (pitpnb), transcript variant X1, mRNA;phosphatidylinositol transfer protein beta (pitpnb), transcript variant X3, mRNA;phosphatidylinositol transfer protein beta (pitpnb), transcript variant X5, mRNA;phosphatidylinositol transfer protein beta (pitpnb), transcript variant X4, mRNA;phosphatidylinositol transfer protein beta (pitpnb), transcript variant X2, mRNA"
101159931,LOC101159931,1.070029171,70.53117897,0.587633889,"galactosylceramide sulfotransferase (LOC101159931), transcript variant X2, mRNA;galactosylceramide sulfotransferase (LOC101159931), transcript variant X1, mRNA"
101175560,c5h1orf50,0.706016296,70.55401159,0.335588615,"chromosome 5 C1orf50 homolog (c5h1orf50), mRNA"
101160373,dram1,1.582200197,71.29157961,0.475910183,"DNA damage regulated autophagy modulator 1 (dram1), mRNA"
101167544,elovl7,0.846775734,71.55868919,0.422125866,"ELOVL fatty acid elongase 7 (elovl7), transcript variant X1, mRNA;ELOVL fatty acid elongase 7 (elovl7), transcript variant X2, mRNA"
101169896,cpm,0.603314873,71.87729287,0.493626965,"carboxypeptidase M (cpm), transcript variant X2, mRNA;carboxypeptidase M (cpm), transcript variant X1, mRNA"
101156791,LOC101156791,0.763480509,71.97219243,0.395868687,"gap junction alpha-4 protein (LOC101156791), mRNA"
101162907,LOC101162907,0.776436729,72.28667947,0.324675723,"electroneutral sodium bicarbonate exchanger 1 (LOC101162907), transcript variant X1, mRNA;electroneutral sodium bicarbonate exchanger 1 (LOC101162907), transcript variant X3, mRNA"
101157528,LOC101157528,0.847469984,72.49362782,0.335758639,"cytochrome P450 2J2 (LOC101157528), transcript variant X2, mRNA;cytochrome P450 2J2 (LOC101157528), transcript variant X1, mRNA"
101166234,phyhd1,1.077749583,72.80032822,0.420268692,"phytanoyl-CoA dioxygenase domain containing 1 (phyhd1), transcript variant X2, mRNA;phytanoyl-CoA dioxygenase domain containing 1 (phyhd1), transcript variant X1, mRNA"
101165598,phkg2,1.15012671,72.96815932,0.624838926,"phosphorylase kinase catalytic subunit gamma 2 (phkg2), mRNA"
101155422,LOC101155422,0.69170823,73.71987792,0.562333992,"high mobility group protein HMGI-C (LOC101155422), transcript variant X2, mRNA;high mobility group protein HMGI-C (LOC101155422), transcript variant X1, mRNA"
101163769,LOC101163769,0.742930105,74.09691077,0.350761545,"macrophage mannose receptor 1 (LOC101163769), mRNA"
101173729,LOC101173729,1.048237205,74.161808,0.367872575,"large neutral amino acids transporter small subunit 4 (LOC101173729), transcript variant X1, mRNA;large neutral amino acids transporter small subunit 4 (LOC101173729), transcript variant X2, mRNA"
101169859,pmm1,0.775288596,74.22561176,0.424493068,"phosphomannomutase 1 (pmm1), mRNA"
101175273,lrrc34,1.457541762,74.4134028,0.306391091,"leucine rich repeat containing 34 (lrrc34), transcript variant X3, mRNA;leucine rich repeat containing 34 (lrrc34), transcript variant X1, mRNA;leucine rich repeat containing 34 (lrrc34), transcript variant X2, mRNA"
101175294,cntfa,1.275538505,74.66968404,0.311530165,"ciliary neurotrophic factor a (cntfa), mRNA"
101175149,LOC101175149,0.969196725,75.10431934,0.304916035,"ubiquitin-like modifier-activating enzyme 1 (LOC101175149), mRNA"
101166761,LOC101166761,0.640387452,75.48187481,0.530135053,"eukaryotic translation initiation factor 4E (LOC101166761), mRNA"
101169573,LOC101169573,1.426007441,76.05356874,0.303283202,"sacsin-like (LOC101169573), mRNA"
101168779,LOC101168779,0.683464849,76.14162531,0.327235834,"myoD family inhibitor domain-containing protein (LOC101168779), mRNA"
111949312,LOC111949312,1.300099389,76.31544793,0.429273844,"tripartite motif-containing protein 16-like (LOC111949312), mRNA"
101175282,egln3,0.629643017,76.62624136,0.577978251,"egl-9 family hypoxia inducible factor 3 (egln3), mRNA"
101172806,gpx1,0.599128215,77.14015414,0.332040649,"glutathione peroxidase 1 (gpx1), mRNA"
101166722,klf9,0.930804714,77.27731876,0.385391325,"Kruppel like factor 9 (klf9), mRNA"
101169963,LOC101169963,1.282978409,77.43912421,0.326766603,"15-hydroxyprostaglandin dehydrogenase [NAD(+)] (LOC101169963), mRNA"
105356011,LOC105356011,1.607098928,77.71476043,0.447102582,"sialic acid-binding Ig-like lectin 5 (LOC105356011), transcript variant X2, mRNA;sialic acid-binding Ig-like lectin 5 (LOC105356011), transcript variant X3, mRNA;sialic acid-binding Ig-like lectin 5 (LOC105356011), transcript variant X4, mRNA;sialic acid-binding Ig-like lectin 5 (LOC105356011), transcript variant X1, mRNA"
101170775,LOC101170775,1.066550433,78.16456828,0.345078135,"delta-like protein C (LOC101170775), transcript variant X3, mRNA;delta-like protein C (LOC101170775), transcript variant X2, mRNA;delta-like protein C (LOC101170775), transcript variant X1, mRNA"
101164806,LOC101164806,5.159665434,78.51611648,0.30105162,"uncharacterized LOC101164806 (LOC101164806), mRNA"
101157337,LOC101157337,0.964286222,78.92311846,0.356057853,"tetraspanin-8 (LOC101157337), mRNA"
101157298,LOC101157298,0.791885748,78.98348814,0.313757559,"beta-1,3-galactosyl-O-glycosyl-glycoprotein beta-1,6-N-acetylglucosaminyltransferase 7-like (LOC101157298), mRNA"
101170961,socs3,0.651232222,79.17510522,0.345536607,"suppressor of cytokine signaling 3 (socs3), transcript variant X2, mRNA;suppressor of cytokine signaling 3 (socs3), transcript variant X1, mRNA;suppressor of cytokine signaling 3 (socs3), mRNA"
101173945,LOC101173945,0.718929306,79.47382096,0.307267403,"melanopsin-A (LOC101173945), mRNA"
101163022,LOC101163022,0.736450052,79.69251264,0.360944692,"gap junction beta-1 protein (LOC101163022), transcript variant X2, mRNA;gap junction beta-1 protein (LOC101163022), transcript variant X3, mRNA;gap junction beta-1 protein (LOC101163022), transcript variant X1, mRNA"
101169669,LOC101169669,6.211579064,79.95992445,0.31033224,"tyrosyl-DNA phosphodiesterase 2 (LOC101169669), mRNA"
111948012,LOC111948012,6.410612606,79.99950421,0.359961655,"uncharacterized LOC111948012 (LOC111948012), mRNA"
101165969,LOC101165969,0.645890937,80.1598737,0.35720937,"insulin-like growth factor-binding protein 1 (LOC101165969), mRNA"
101175164,hirip3,0.651568359,80.20371876,0.328972397,"HIRA interacting protein 3 (hirip3), transcript variant X1, mRNA;HIRA interacting protein 3 (hirip3), transcript variant X2, mRNA"
BGI_novel_G000232,NA,2.450561239,80.64838305,0.308932749,NA
101155085,LOC101155085,1.239934452,80.73951865,0.31171034,"interferon-induced protein with tetratricopeptide repeats 1B-like (LOC101155085), transcript variant X2, mRNA;interferon-induced protein with tetratricopeptide repeats 1B-like (LOC101155085), transcript variant X1, mRNA"
101158097,LOC101158097,0.58463437,80.8549568,0.355226692,"regulator of G-protein signaling 5 (LOC101158097), mRNA"
101166839,jdp2,0.877655304,80.95470967,0.382102778,"Jun dimerization protein 2 (jdp2), transcript variant X2, mRNA;Jun dimerization protein 2 (jdp2), transcript variant X1, mRNA;Jun dimerization protein 2 (jdp2), transcript variant X3, mRNA"
101172378,LOC101172378,6.073171183,81.23605172,0.355610733,"cell surface A33 antigen (LOC101172378), mRNA"
101173512,cytip,0.747801898,81.35982692,0.320997111,"cytohesin 1 interacting protein (cytip), mRNA"
101161300,trpm5,0.925242251,81.40421457,0.332849938,"transient receptor potential cation channel subfamily M member 5 (trpm5), mRNA"
101157870,dbh,0.657772766,81.54361696,0.485023246,"dopamine beta-hydroxylase (dbh), transcript variant X1, mRNA;dopamine beta-hydroxylase (dbh), transcript variant X2, mRNA"
101173061,lgals3bp,1.249307354,81.90799915,0.366042652,"galectin 3 binding protein (lgals3bp), mRNA"
101160202,LOC101160202,1.32833769,82.3498201,0.511916204,"solute carrier family 15 member 2 (LOC101160202), mRNA"
101166468,znfx1,1.161960394,82.40266604,0.42101294,"zinc finger NFX1-type containing 1 (znfx1), transcript variant X3, mRNA;zinc finger NFX1-type containing 1 (znfx1), transcript variant X2, mRNA;zinc finger NFX1-type containing 1 (znfx1), transcript variant X1, mRNA"
101171953,pcolce2,0.689143166,82.4421152,0.395312989,"procollagen C-endopeptidase enhancer 2 (pcolce2), mRNA"
101158504,LOC101158504,0.976770975,82.83054855,0.315950737,"C-X-C motif chemokine 9 (LOC101158504), mRNA"
101162522,LOC101162522,4.005820893,82.92462495,0.338857606,"bactericidal permeability-increasing protein (LOC101162522), mRNA"
101163951,LOC101163951,0.59889801,83.71327156,0.330018553,"calcium-independent phospholipase A2-gamma (LOC101163951), transcript variant X3, mRNA;calcium-independent phospholipase A2-gamma (LOC101163951), transcript variant X2, mRNA;calcium-independent phospholipase A2-gamma (LOC101163951), transcript variant X1, mRNA"
101166213,prrx1,0.831161529,83.97680968,0.347056187,"paired related homeobox 1 (prrx1), transcript variant X2, mRNA;paired related homeobox 1 (prrx1), transcript variant X1, mRNA"
101157675,LOC101157675,1.147968836,84.20855572,0.411306735,"peptidyl-prolyl cis-trans isomerase FKBP5 (LOC101157675), transcript variant X1, mRNA;peptidyl-prolyl cis-trans isomerase FKBP5 (LOC101157675), transcript variant X2, mRNA"
101170518,socs3,1.238656637,85.13616602,0.40607804,"suppressor of cytokine signaling 3 (socs3), mRNA"
101157211,LOC101157211,1.585649416,85.34640142,0.356047892,"solute carrier family 23 member 1 (LOC101157211), mRNA"
101163630,LOC101163630,2.244416673,85.56813132,0.362722829,"pancreatic alpha-amylase (LOC101163630), mRNA"
101167105,calml4,1.224044632,85.71728498,0.356904716,"calmodulin like 4 (calml4), mRNA"
101157524,LOC101157524,7.096439836,86.19466993,0.334698121,"uncharacterized LOC101157524 (LOC101157524), mRNA"
101159899,neil3,0.865877057,86.6744254,0.346730576,"nei like DNA glycosylase 3 (neil3), mRNA"
101164761,LOC101164761,0.782147372,87.30859586,0.426018046,"ropporin-1-like protein (LOC101164761), transcript variant X1, mRNA;ropporin-1-like protein (LOC101164761), transcript variant X2, mRNA"
101165882,lrrc10,0.951547108,87.3544372,0.510297809,"leucine rich repeat containing 10 (lrrc10), mRNA"
101155890,dlec1,0.947558421,88.31995703,0.41719027,"deleted in lung and esophageal cancer 1 (dlec1), transcript variant X2, mRNA;deleted in lung and esophageal cancer 1 (dlec1), transcript variant X1, mRNA;deleted in lung and esophageal cancer 1 (dlec1), transcript variant X3, mRNA;deleted in lung and esophageal cancer 1 (dlec1), transcript variant X4, mRNA;deleted in lung and esophageal cancer 1 (dlec1), transcript variant X5, mRNA"
101175158,mov10,0.974196177,88.35418918,0.393680277,"Mov10 RISC complex RNA helicase (mov10), transcript variant X1, mRNA;Mov10 RISC complex RNA helicase (mov10), transcript variant X2, mRNA"
101154761,LOC101154761,0.788401818,88.41642414,0.327146242,"signal transducer and activator of transcription 1-alpha/beta (LOC101154761), transcript variant X5, mRNA;signal transducer and activator of transcription 1-alpha/beta (LOC101154761), transcript variant X3, mRNA;signal transducer and activator of transcription 1-alpha/beta (LOC101154761), transcript variant X2, mRNA;signal transducer and activator of transcription 1-alpha/beta (LOC101154761), transcript variant X6, mRNA;signal transducer and activator of transcription 1-alpha/beta (LOC101154761), transcript variant X4, mRNA;signal transducer and activator of transcription 1-alpha/beta (LOC101154761), transcript variant X1, mRNA"
101172130,il6st,1.247548566,88.48714591,0.361171917,"interleukin 6 signal transducer (il6st), transcript variant X1, mRNA;interleukin 6 signal transducer (il6st), transcript variant X2, mRNA;interleukin 6 signal transducer (il6st), transcript variant X3, mRNA"
105354569,LOC105354569,1.308467526,88.58224726,0.444426627,"uncharacterized LOC105354569 (LOC105354569), transcript variant X1, mRNA;uncharacterized LOC105354569 (LOC105354569), transcript variant X2, mRNA"
BGI_novel_G000368,NA,1.721027099,89.193599,0.303039242,NA
101166645,gcnt4,0.993432758,89.2154468,0.38305448,"glucosaminyl (N-acetyl) transferase 4, core 2 (gcnt4), mRNA"
101173355,LOC101173355,1.282655329,89.44719283,0.399695076,"HRAS-like suppressor 3 (LOC101173355), mRNA"
105355137,LOC105355137,1.008759149,90.31097246,0.303499608,"receptor-transporting protein 2 (LOC105355137), mRNA"
101156676,chn2,0.866609694,91.72871116,0.497142708,"chimerin 2 (chn2), transcript variant X4, mRNA;chimerin 2 (chn2), transcript variant X2, mRNA;chimerin 2 (chn2), transcript variant X3, mRNA;chimerin 2 (chn2), transcript variant X1, mRNA"
101158742,LOC101158742,4.320158218,91.83118267,0.35318096,"keratin, type II cytoskeletal 8 (LOC101158742), transcript variant X1, mRNA;keratin, type II cytoskeletal 8 (LOC101158742), transcript variant X2, mRNA"
101154943,gpd1,1.090853478,92.06800605,0.41189633,"glycerol-3-phosphate dehydrogenase 1 (gpd1), mRNA"
101155802,LOC101155802,1.53763162,92.21306288,0.354389355,"interleukin-8 (LOC101155802), mRNA"
101162602,dhx58,0.68723824,92.22224667,0.364085856,"DExH-box helicase 58 (dhx58), transcript variant X1, mRNA;DExH-box helicase 58 (dhx58), transcript variant X2, mRNA"
111948004,LOC111948004,0.714905475,93.55861622,0.344275522,"protocadherin alpha-2-like (LOC111948004), mRNA"
101161108,LOC101161108,0.688556909,95.42638985,0.306999667,"poly [ADP-ribose] polymerase 12 (LOC101161108), transcript variant X2, mRNA;poly [ADP-ribose] polymerase 12 (LOC101161108), transcript variant X1, mRNA"
101167668,itih5,0.61003627,95.43401803,0.312661698,"inter-alpha-trypsin inhibitor heavy chain family member 5 (itih5), mRNA"
101171022,LOC101171022,0.713557953,95.45735434,0.324326615,"transcription regulator protein BACH1 (LOC101171022), mRNA"
101171281,LOC101171281,0.827774848,95.57002316,0.548777501,"dehydrogenase/reductase SDR family member 12 (LOC101171281), transcript variant X1, mRNA;dehydrogenase/reductase SDR family member 12 (LOC101171281), transcript variant X4, mRNA;dehydrogenase/reductase SDR family member 12 (LOC101171281), transcript variant X3, mRNA;dehydrogenase/reductase SDR family member 12 (LOC101171281), transcript variant X2, mRNA"
101168980,LOC101168980,1.231851545,95.6102678,0.323851781,"C-X-C motif chemokine 2 (LOC101168980), mRNA"
101163166,LOC101163166,1.006336064,96.25615691,0.306566748,"gliomedin (LOC101163166), transcript variant X4, mRNA;gliomedin (LOC101163166), transcript variant X3, mRNA;gliomedin (LOC101163166), transcript variant X1, mRNA;gliomedin (LOC101163166), transcript variant X2, mRNA"
111947080,LOC111947080,2.046461267,96.85544526,0.360886146,"syncytin-B-like (LOC111947080), mRNA"
101160974,LOC101160974,0.982571622,97.23753881,0.360553136,"cytochrome P450 2J2 (LOC101160974), mRNA"
101172030,pnmt,0.609334573,97.49627909,0.329969961,"phenylethanolamine N-methyltransferase (pnmt), mRNA"
101162590,LOC101162590,1.18263857,97.99996455,0.379960263,"synaptic vesicle glycoprotein 2B-like (LOC101162590), mRNA"
101159119,LOC101159119,0.61536256,99.30423857,0.326176245,"anthrax toxin receptor 2 (LOC101159119), transcript variant X1, mRNA;anthrax toxin receptor 2 (LOC101159119), transcript variant X2, mRNA"
BGI_novel_G000800,NA,0.924942245,99.42761251,0.316275154,NA
101158704,LOC101158704,1.557575077,99.87995088,0.310808297,"cytochrome P450 1A1 (LOC101158704), transcript variant X1, mRNA;cytochrome P450 1A1 (LOC101158704), transcript variant X2, mRNA"
100125815,cyp19b,1.283198027,100.0240865,0.351217569,"cytochrome P450 19b (cyp19b), transcript variant X3, mRNA;cytochrome P450 19b (cyp19b), transcript variant X2, mRNA;cytochrome P450 19b (cyp19b), transcript variant X1, mRNA;cytochrome P450 19b (cyp19b), mRNA"
101168450,LOC101168450,0.747022412,100.4710173,0.30300744,"hepatocyte growth factor-like protein (LOC101168450), mRNA"
101161502,cgas,0.638813647,100.5433823,0.334173024,"cyclic GMP-AMP synthase (cgas), transcript variant X1, mRNA;cyclic GMP-AMP synthase (cgas), transcript variant X2, mRNA"
101162179,LOC101162179,0.98207598,101.003337,0.328624797,"dickkopf-related protein 3 (LOC101162179), transcript variant X2, mRNA;dickkopf-related protein 3 (LOC101162179), transcript variant X3, mRNA;dickkopf-related protein 3 (LOC101162179), transcript variant X4, mRNA;dickkopf-related protein 3 (LOC101162179), transcript variant X1, mRNA"
101163908,LOC101163908,6.324046456,101.2397121,0.447547204,"gastrotropin (LOC101163908), mRNA"
101170852,LOC101170852,0.850742379,101.9590666,0.307977794,"protocadherin alpha-8-like (LOC101170852), mRNA"
101161273,LOC101161273,1.035865723,102.093571,0.374548172,"cerebellin-1 (LOC101161273), mRNA"
101165837,LOC101165837,1.025960868,102.3280561,0.392164642,"ectonucleoside triphosphate diphosphohydrolase 3 (LOC101165837), mRNA"
105356325,LOC105356325,2.208630617,102.4262501,0.325800235,"L-amino-acid oxidase-like (LOC105356325), mRNA"
101159627,crlf1,0.795342757,103.3303234,0.61873587,"cytokine receptor like factor 1 (crlf1), transcript variant X5, mRNA;cytokine receptor like factor 1 (crlf1), transcript variant X4, mRNA;cytokine receptor like factor 1 (crlf1), transcript variant X3, mRNA;cytokine receptor like factor 1 (crlf1), transcript variant X1, mRNA;cytokine receptor like factor 1 (crlf1), transcript variant X2, mRNA"
101158252,LOC101158252,3.403076649,105.0275151,0.359175996,"keratin, type I cytoskeletal 18 (LOC101158252), transcript variant X1, mRNA;keratin, type I cytoskeletal 18 (LOC101158252), transcript variant X2, mRNA"
101174046,ankrd1,1.198743005,105.2479391,0.378795851,"ankyrin repeat domain 1 (ankrd1), mRNA"
100144359,LOC100144359,0.927128427,105.3526742,0.544640779,"inhibin beta A chain (LOC100144359), mRNA"
101166570,LOC101166570,1.08416199,107.0472995,0.378700253,"tapasin-related protein (LOC101166570), mRNA"
101172710,LOC101172710,4.445947521,107.2781488,0.406829977,"interferon-induced protein with tetratricopeptide repeats 1-like (LOC101172710), transcript variant X1, mRNA;interferon-induced protein with tetratricopeptide repeats 1-like (LOC101172710), transcript variant X2, mRNA"
101156016,mfsd6l,0.841465319,108.1197821,0.305818014,"major facilitator superfamily domain containing 6 like (mfsd6l), mRNA"
101161166,LOC101161166,3.354990127,108.3292048,0.362340697,"gamma-aminobutyric acid receptor subunit alpha-6 (LOC101161166), mRNA"
101169083,LOC101169083,1.726425538,108.6022978,0.311867571,"DBH-like monooxygenase protein 2 homolog (LOC101169083), mRNA"
101163583,LOC101163583,0.823783008,108.6668265,0.349343582,"transcription cofactor vestigial-like protein 4 (LOC101163583), mRNA"
101156437,LOC101156437,1.766540584,108.7669398,0.317514303,"laminin subunit gamma-2 (LOC101156437), mRNA"
110013741,LOC110013741,6.723835144,109.8606759,0.40311908,"adhesion G-protein coupled receptor F1-like (LOC110013741), mRNA"
101169045,LOC101169045,0.845229787,109.8937262,0.304144447,"ES1 protein homolog, mitochondrial-like (LOC101169045), mRNA"
101175695,ankrd63,0.632571311,112.0041136,0.565834451,"ankyrin repeat domain 63 (ankrd63), mRNA"
100301604,foxb2,1.493437635,112.4436061,0.375374395,"forkhead box B2 (foxb2), mRNA"
101174987,LOC101174987,0.658567552,113.0988571,0.329150671,"Y+L amino acid transporter 2 (LOC101174987), mRNA"
100301589,LOC100301589,1.244514482,113.5172088,0.310241981,"beta-defensin (LOC100301589), mRNA;beta-defensin (LOC100301589), transcript variant X1, mRNA"
101161869,LOC101161869,2.136344735,113.6621889,0.323631419,"microfibril-associated glycoprotein 4 (LOC101161869), transcript variant X2, mRNA;microfibril-associated glycoprotein 4 (LOC101161869), transcript variant X1, mRNA;microfibril-associated glycoprotein 4 (LOC101161869), transcript variant X3, mRNA"
101172616,LOC101172616,1.064310559,114.1537644,0.305395667,"trace amine-associated receptor 13c-like (LOC101172616), mRNA"
105353553,slc25a53,0.634947223,114.7906434,0.308009096,"solute carrier family 25 member 53 (slc25a53), mRNA"
101170388,fam167a,0.673089154,117.0958387,0.407294254,"family with sequence similarity 167 member A (fam167a), transcript variant X2, mRNA;family with sequence similarity 167 member A (fam167a), transcript variant X1, mRNA"
101174261,LOC101174261,2.006544664,117.4212576,0.419380672,"fibulin-2 (LOC101174261), transcript variant X3, mRNA;fibulin-2 (LOC101174261), transcript variant X1, mRNA;fibulin-2 (LOC101174261), transcript variant X4, mRNA;fibulin-2 (LOC101174261), transcript variant X2, mRNA"
101157011,dnaaf3,0.644798833,117.9294095,0.381200389,"dynein axonemal assembly factor 3 (dnaaf3), transcript variant X2, mRNA;dynein axonemal assembly factor 3 (dnaaf3), transcript variant X1, mRNA"
101169435,arrdc2,0.606386181,118.6793496,0.403553353,"arrestin domain containing 2 (arrdc2), transcript variant X1, mRNA;arrestin domain containing 2 (arrdc2), transcript variant X2, mRNA"
101160554,LOC101160554,0.620639634,118.7087674,0.313722689,"anoctamin-10 (LOC101160554), mRNA"
101160739,LOC101160739,0.746380702,118.8022313,0.486591778,"isotocin-neurophysin IT 1-like (LOC101160739), mRNA"
101162549,LOC101162549,0.652010521,119.1650475,0.449463144,"prominin-1-A (LOC101162549), mRNA"
101163441,LOC101163441,1.871411075,119.1660788,0.354674909,"L-amino-acid oxidase-like (LOC101163441), mRNA"
101174736,LOC101174736,0.73529322,119.388818,0.330975989,"adhesion G protein-coupled receptor G3 (LOC101174736), mRNA"
101158261,strc,0.610043027,119.390802,0.38693191,"stereocilin (strc), mRNA"
101168387,fgf1,0.845870019,119.5503313,0.31892851,"fibroblast growth factor 1 (fgf1), transcript variant X6, mRNA;fibroblast growth factor 1 (fgf1), transcript variant X3, mRNA;fibroblast growth factor 1 (fgf1), transcript variant X1, mRNA;fibroblast growth factor 1 (fgf1), transcript variant X4, mRNA;fibroblast growth factor 1 (fgf1), transcript variant X5, mRNA;fibroblast growth factor 1 (fgf1), transcript variant X2, mRNA"
101160477,duox1,1.0813048,119.8382748,0.319617416,"dual oxidase 1 (duox1), mRNA"
BGI_novel_G000041,NA,1.808501112,120.0508988,0.351856288,NA
101161643,oxt,0.719080655,121.0040464,0.568657407,"oxytocin/neurophysin I prepropeptide (oxt), mRNA"
101160351,LOC101160351,0.807551228,121.9947829,0.349067724,"uncharacterized LOC101160351 (LOC101160351), mRNA"
111948696,LOC111948696,5.061979223,122.3296062,0.318202851,"general transcription factor II-I repeat domain-containing protein 2-like (LOC111948696), mRNA"
101157891,pigp,0.582572271,122.5295812,0.471931925,"phosphatidylinositol glycan anchor biosynthesis class P (pigp), mRNA"
101162685,LOC101162685,0.951850119,122.712273,0.437345402,"unconventional myosin-XV (LOC101162685), mRNA"
105356917,LOC105356917,2.133069728,122.8625474,0.608915211,"interleukin-31 receptor subunit alpha-like (LOC105356917), mRNA"
101171538,plek2,2.345224102,123.4165966,0.439416796,"pleckstrin 2 (plek2), mRNA"
101171540,LOC101171540,1.765698531,124.0715754,0.324423434,"cdc42 effector protein 2-like (LOC101171540), transcript variant X1, mRNA"
101160160,LOC101160160,4.753561766,124.7233706,0.400498198,"carnitine O-palmitoyltransferase 1, liver isoform (LOC101160160), transcript variant X1, mRNA"
101170018,bend7,0.667238158,124.9828675,0.315825081,"BEN domain containing 7 (bend7), transcript variant X1, mRNA;BEN domain containing 7 (bend7), transcript variant X3, mRNA"
101157570,LOC101157570,6.377785835,125.9705123,0.363329664,"oncoprotein-induced transcript 3 protein-like (LOC101157570), mRNA"
101173566,ptx3,0.731214762,126.5295019,0.350783108,"pentraxin 3 (ptx3), mRNA"
101174245,LOC101174245,3.469653292,127.6994383,0.327767984,"protocadherin Fat 4 (LOC101174245), transcript variant X2, mRNA;protocadherin Fat 4 (LOC101174245), transcript variant X1, mRNA"
101167696,LOC101167696,1.204920563,127.7061099,0.414900684,"uncharacterized LOC101167696 (LOC101167696), mRNA"
BGI_novel_G000564,NA,2.202997038,128.1739579,0.365793271,NA
BGI_novel_G000048,NA,6.506622536,128.6500234,0.425931989,NA
BGI_novel_G000401,NA,10.84894754,128.8087752,0.607232697,NA
101170632,LOC101170632,0.852647958,129.2201605,0.476571466,"vang-like protein 1 (LOC101170632), mRNA"
101158699,LOC101158699,1.398861062,129.7734791,0.428541701,"ras-related C3 botulinum toxin substrate 1 (LOC101158699), transcript variant X3, mRNA;ras-related C3 botulinum toxin substrate 1 (LOC101158699), transcript variant X1, mRNA;ras-related C3 botulinum toxin substrate 1 (LOC101158699), transcript variant X2, mRNA"
101161014,armc4,0.813646426,130.0906552,0.331190746,"armadillo repeat containing 4 (armc4), transcript variant X2, mRNA;armadillo repeat containing 4 (armc4), transcript variant X1, mRNA"
101156920,klhl24,0.859841791,130.3468283,0.422503429,"kelch like family member 24 (klhl24), mRNA"
101165230,LOC101165230,0.698867829,130.4547791,0.301637962,"apoptosis-enhancing nuclease (LOC101165230), mRNA"
101170845,LOC101170845,1.491084065,130.5549843,0.346469613,"ferritin, middle subunit (LOC101170845), mRNA"
101164803,slc17a9,1.205291435,130.665044,0.404641837,"solute carrier family 17 member 9 (slc17a9), mRNA"
101166993,cckar,1.067361904,130.7109508,0.410546253,"cholecystokinin A receptor (cckar), mRNA"
111948629,LOC111948629,6.601196031,130.8971996,0.31602935,"uncharacterized LOC111948629 (LOC111948629), mRNA"
105355766,LOC105355766,1.604196271,131.0136949,0.322012378,"uncharacterized LOC105355766 (LOC105355766), transcript variant X2, mRNA;uncharacterized LOC105355766 (LOC105355766), transcript variant X1, mRNA"
101172350,abhd15,0.724898913,131.3428354,0.310088151,"abhydrolase domain containing 15 (abhd15), mRNA"
101160814,p3h4,0.601401165,131.4781163,0.409113912,"prolyl 3-hydroxylase family member 4 (non-enzymatic) (p3h4), mRNA"
101170718,LOC101170718,7.792479951,131.6258529,0.445399225,"apolipoprotein D (LOC101170718), transcript variant X1, mRNA;apolipoprotein D (LOC101170718), transcript variant X2, mRNA"
105355601,LOC105355601,0.776755128,132.1180725,0.311550656,"protein LBH-like (LOC105355601), mRNA"
101168483,lrrc18,1.547627111,132.1599676,0.331722324,"leucine rich repeat containing 18 (lrrc18), transcript variant X2, mRNA;leucine rich repeat containing 18 (lrrc18), transcript variant X1, mRNA;leucine rich repeat containing 18 (lrrc18), transcript variant X3, mRNA"
101156231,ogn,1.42106187,132.9703108,0.340860134,"osteoglycin (ogn), mRNA"
101162715,LOC101162715,0.738720023,133.0770629,0.39397564,"histone H1.0-B (LOC101162715), mRNA"
101163422,stmnd1,1.927690096,133.4935388,0.326033787,"stathmin domain containing 1 (stmnd1), mRNA"
101173815,cabp5,1.619242941,133.5026499,0.371108713,"calcium binding protein 5 (cabp5), mRNA"
101164564,LOC101164564,1.033951845,133.9282587,0.327598504,"nipsnap homolog 1 (LOC101164564), mRNA"
101158013,LOC101158013,0.657221072,133.9894433,0.390513086,"SH2 domain-containing adapter protein D (LOC101158013), transcript variant X2, mRNA;SH2 domain-containing adapter protein D (LOC101158013), transcript variant X1, mRNA"
101154841,fam160a1,0.776962448,134.0326994,0.318224726,"family with sequence similarity 160 member A1 (fam160a1), transcript variant X1, mRNA;family with sequence similarity 160 member A1 (fam160a1), transcript variant X2, mRNA"
101164882,LOC101164882,5.654606919,134.2166878,0.346955087,"caveolin-2 (LOC101164882), mRNA"
101164672,fbxo32,1.073617352,134.5281253,0.418959829,"F-box protein 32 (fbxo32), mRNA"
101168637,akna,1.306894558,134.9309326,0.376193324,"AT-hook transcription factor (akna), transcript variant X10, mRNA;AT-hook transcription factor (akna), transcript variant X7, mRNA;AT-hook transcription factor (akna), transcript variant X2, mRNA;AT-hook transcription factor (akna), transcript variant X9, mRNA;AT-hook transcription factor (akna), transcript variant X4, mRNA;AT-hook transcription factor (akna), transcript variant X1, mRNA;AT-hook transcription factor (akna), transcript variant X6, mRNA;AT-hook transcription factor (akna), transcript variant X3, mRNA;AT-hook transcription factor (akna), transcript variant X5, mRNA;AT-hook transcription factor (akna), transcript variant X8, mRNA"
100125440,am3,0.688121331,135.005819,0.357560221,"adrenomedullin 3 (am3), transcript variant X2, mRNA;adrenomedullin 3 (am3), mRNA;adrenomedullin 3 (am3), transcript variant X1, mRNA"
110014031,LOC110014031,1.22278634,135.2134943,0.387124241,"uncharacterized LOC110014031 (LOC110014031), mRNA"
101162822,LOC101162822,0.713931836,135.7199372,0.319184093,"WD repeat-containing protein 62 (LOC101162822), transcript variant X2, mRNA;WD repeat-containing protein 62 (LOC101162822), transcript variant X1, mRNA"
101164643,LOC101164643,1.052031944,135.7499119,0.386743601,"nuclear factor 7, ovary (LOC101164643), mRNA"
101169291,LOC101169291,0.660460425,135.9027165,0.305001446,"Golgi apparatus membrane protein TVP23 homolog B (LOC101169291), mRNA"
101168994,LOC101168994,1.248462526,136.0346724,0.515900939,"myosin-16 (LOC101168994), transcript variant X3, mRNA;myosin-16 (LOC101168994), transcript variant X2, mRNA;myosin-16 (LOC101168994), transcript variant X1, mRNA"
101170165,LOC101170165,0.584198702,136.0916809,0.500978475,"mothers against decapentaplegic homolog 6-like (LOC101170165), mRNA"
101166547,LOC101166547,2.040048997,136.0934097,0.313658691,"keratin, type II cytoskeletal 8 (LOC101166547), mRNA"
111947981,LOC111947981,0.798894482,136.1342588,0.401926753,"uncharacterized LOC111947981 (LOC111947981), mRNA"
101163745,arsk,0.653269038,137.072411,0.432477421,"arylsulfatase family member K (arsk), mRNA"
101156256,LOC101156256,6.099739483,137.7835417,0.430349938,"serine protease inhibitor A3N (LOC101156256), mRNA"
101163680,LOC101163680,0.961880687,137.9911041,0.317195403,"uncharacterized LOC101163680 (LOC101163680), transcript variant X2, mRNA;uncharacterized LOC101163680 (LOC101163680), transcript variant X1, mRNA;uncharacterized LOC101163680 (LOC101163680), transcript variant X3, mRNA;uncharacterized LOC101163680 (LOC101163680), transcript variant X4, mRNA"
101170547,cyp17a2,0.748700387,138.4520964,0.322215988,"steroid 17-alpha-hydroxylase/17,20 lyase-like (cyp17a2), transcript variant X2, mRNA;steroid 17-alpha-hydroxylase/17,20 lyase-like (cyp17a2), mRNA;steroid 17-alpha-hydroxylase/17,20 lyase-like (cyp17a2), transcript variant X3, mRNA;steroid 17-alpha-hydroxylase/17,20 lyase-like (cyp17a2), transcript variant X1, mRNA;steroid 17-alpha-hydroxylase/17,20 lyase-like (cyp17a2), transcript variant X4, mRNA"
101158171,tma16,0.604582608,138.7823924,0.645326558,"translation machinery associated 16 homolog (tma16), mRNA"
101166370,dll1,0.609383794,138.9704047,0.388269493,"delta like canonical Notch ligand 1 (dll1), transcript variant X2, mRNA;delta like canonical Notch ligand 1 (dll1), transcript variant X1, mRNA"
101168411,orc3,0.758602392,139.0196957,0.355714717,"origin recognition complex subunit 3 (orc3), transcript variant X2, mRNA;origin recognition complex subunit 3 (orc3), transcript variant X1, mRNA"
101161641,LOC101161641,1.091927622,139.3922365,0.335481286,"heparan sulfate glucosamine 3-O-sulfotransferase 6 (LOC101161641), mRNA"
111947471,LOC111947471,2.911905904,139.6906743,0.517012022,"histone H1-like (LOC111947471), mRNA"
101157480,prepl,0.595604168,139.9546782,0.415891232,"prolyl endopeptidase like (prepl), mRNA"
101160525,med23,0.861832503,139.9904164,0.322057456,"mediator complex subunit 23 (med23), transcript variant X1, mRNA;mediator complex subunit 23 (med23), transcript variant X2, mRNA"
101167063,atm,2.117380569,140.1120694,0.368511952,"ATM serine/threonine kinase (atm), transcript variant X3, mRNA;ATM serine/threonine kinase (atm), transcript variant X2, mRNA;ATM serine/threonine kinase (atm), transcript variant X1, mRNA"
BGI_novel_G000844,NA,2.216169217,140.2072109,0.325666094,NA
101166134,arl16,0.680564649,140.4747141,0.532101883,"ADP ribosylation factor like GTPase 16 (arl16), mRNA"
101173897,LOC101173897,2.048864037,140.5129385,0.546764312,"uncharacterized LOC101173897 (LOC101173897), mRNA"
101171810,LOC101171810,0.793671852,140.5657273,0.426611905,"E3 ubiquitin-protein ligase Midline-1 (LOC101171810), transcript variant X2, mRNA;E3 ubiquitin-protein ligase Midline-1 (LOC101171810), transcript variant X1, mRNA"
101155592,ccne1,0.696848571,140.7098299,0.451498228,"cyclin E1 (ccne1), mRNA"
111946480,LOC111946480,1.677015364,140.7766693,0.336535438,"uncharacterized LOC111946480 (LOC111946480), mRNA"
101170001,LOC101170001,3.697986713,140.7808269,0.428446262,"gastrula zinc finger protein XlCGF17.1-like (LOC101170001), mRNA"
101160024,LOC101160024,1.024441159,140.8541657,0.511016615,"uncharacterized LOC101160024 (LOC101160024), mRNA"
111948943,LOC111948943,1.494503435,141.7036145,0.304837787,"uncharacterized LOC111948943 (LOC111948943), mRNA"
101174840,mxd3,0.672652029,141.9929819,0.413959101,"MAX dimerization protein 3 (mxd3), mRNA"
101170477,LOC101170477,0.893844358,142.1743195,0.477390883,"ankyrin repeat and SOCS box protein 9 (LOC101170477), mRNA"
101175675,dgat2,1.154411011,142.5904719,0.314302457,"diacylglycerol O-acyltransferase 2 (dgat2), mRNA"
101173583,LOC101173583,1.279455873,142.7494443,0.45304274,"gamma-aminobutyric acid receptor subunit rho-3 (LOC101173583), mRNA"
101171193,LOC101171193,0.759392297,142.8161156,0.369627252,"D(2) dopamine receptor A-like (LOC101171193), transcript variant X1, mRNA;D(2) dopamine receptor A-like (LOC101171193), mRNA"
101163813,pclaf,1.555727734,142.8313953,0.420539307,"PCNA clamp associated factor (pclaf), mRNA"
101167991,anapc10,0.738595831,142.9585097,0.588411001,"anaphase promoting complex subunit 10 (anapc10), transcript variant X2, mRNA;anaphase promoting complex subunit 10 (anapc10), transcript variant X1, mRNA"
100049355,six3,1.143295571,143.4538345,0.500709197,"sine oculis homeobox homolog 3 (six3), mRNA"
105357957,LOC105357957,5.665028632,143.4874312,0.334366967,"uncharacterized LOC105357957 (LOC105357957), mRNA"
101171377,eya4,0.750485397,143.7626674,0.316028639,"EYA transcriptional coactivator and phosphatase 4 (eya4), transcript variant X2, mRNA;EYA transcriptional coactivator and phosphatase 4 (eya4), transcript variant X6, mRNA;EYA transcriptional coactivator and phosphatase 4 (eya4), transcript variant X4, mRNA;EYA transcriptional coactivator and phosphatase 4 (eya4), transcript variant X5, mRNA;EYA transcriptional coactivator and phosphatase 4 (eya4), transcript variant X1, mRNA"
101162919,LOC101162919,0.877554448,143.927895,0.346856935,"tight junction protein ZO-3 (LOC101162919), transcript variant X3, mRNA;tight junction protein ZO-3 (LOC101162919), transcript variant X2, mRNA;tight junction protein ZO-3 (LOC101162919), transcript variant X4, mRNA;tight junction protein ZO-3 (LOC101162919), transcript variant X5, mRNA;tight junction protein ZO-3 (LOC101162919), transcript variant X1, mRNA"
105355217,tmem174,6.034862718,144.0059808,0.389353339,"transmembrane protein 174 (tmem174), mRNA"
101168730,LOC101168730,1.999773551,144.0782019,0.340775869,"homeobox protein prophet of Pit-1-like (LOC101168730), mRNA"
101173287,cenpl,1.152074456,144.4625474,0.551490274,"centromere protein L (cenpl), mRNA"
101168532,pcsk9,1.255162311,144.5984322,0.312418334,"proprotein convertase subtilisin/kexin type 9 (pcsk9), transcript variant X2, mRNA;proprotein convertase subtilisin/kexin type 9 (pcsk9), transcript variant X1, mRNA"
101168056,tacr1b,2.302921009,144.972311,0.444088538,"substance-P receptor-like (tacr1b), mRNA;substance-P receptor-like (tacr1b), transcript variant X1, mRNA"
101156661,gnb1l,0.645181633,145.0025365,0.429975028,"G protein subunit beta 1 like (gnb1l), mRNA"
101162558,LOC101162558,0.938797445,145.238537,0.485185556,"major facilitator superfamily domain-containing protein 1 (LOC101162558), transcript variant X2, mRNA;major facilitator superfamily domain-containing protein 1 (LOC101162558), transcript variant X1, mRNA"
101156390,pomc,1.968603396,145.5418385,0.319965028,"proopiomelanocortin (pomc), mRNA"
101161160,nmrk1,1.306586752,145.8602087,0.42001939,"nicotinamide riboside kinase 1 (nmrk1), transcript variant X3, mRNA;nicotinamide riboside kinase 1 (nmrk1), transcript variant X2, mRNA;nicotinamide riboside kinase 1 (nmrk1), transcript variant X1, mRNA;nicotinamide riboside kinase 1 (nmrk1), transcript variant X4, mRNA"
101162946,sfrp5,0.943903271,146.1914176,0.448143967,"secreted frizzled related protein 5 (sfrp5), mRNA"
101172544,arhgap11a,1.525137221,146.2784702,0.464203679,"Rho GTPase activating protein 11A (arhgap11a), transcript variant X3, mRNA;Rho GTPase activating protein 11A (arhgap11a), transcript variant X1, mRNA;Rho GTPase activating protein 11A (arhgap11a), transcript variant X2, mRNA"
101163919,blvrb,0.724427812,146.5489473,0.312548562,"biliverdin reductase B (blvrb), transcript variant X2, mRNA;biliverdin reductase B (blvrb), transcript variant X1, mRNA"
101166812,LOC101166812,2.05532822,146.556409,0.439404723,"O-acyltransferase like protein-like (LOC101166812), mRNA"
105356330,LOC105356330,5.140654994,147.1091475,0.34918686,"endonuclease domain-containing 1 protein-like (LOC105356330), mRNA"
101167306,grp,1.039887802,147.6481285,0.533175106,"gastrin releasing peptide (grp), transcript variant X2, mRNA;gastrin releasing peptide (grp), transcript variant X1, mRNA"
101159143,LOC101159143,3.759306235,147.825063,0.385320073,"tubulin beta-5 chain (LOC101159143), mRNA"
101162334,rad51,1.176908054,147.8646111,0.369883794,"RAD51 recombinase (rad51), transcript variant X2, mRNA;RAD51 recombinase (rad51), transcript variant X1, mRNA"
101169700,nudt1,0.782607675,147.9042485,0.407686242,"nudix hydrolase 1 (nudt1), transcript variant X2, mRNA;nudix hydrolase 1 (nudt1), transcript variant X1, mRNA"
101160934,sdccag8,2.258492529,147.988393,0.343974899,"serologically defined colon cancer antigen 8 (sdccag8), mRNA"
101156486,LOC101156486,1.951995055,148.1816069,0.336648033,"ankyrin repeat domain-containing protein 24 (LOC101156486), mRNA"
101158668,LOC101158668,0.616815947,148.2315019,0.385091718,"sodium/hydrogen exchanger 9B2 (LOC101158668), transcript variant X6, mRNA;sodium/hydrogen exchanger 9B2 (LOC101158668), transcript variant X1, mRNA;sodium/hydrogen exchanger 9B2 (LOC101158668), transcript variant X5, mRNA;sodium/hydrogen exchanger 9B2 (LOC101158668), transcript variant X4, mRNA;sodium/hydrogen exchanger 9B2 (LOC101158668), transcript variant X2, mRNA;sodium/hydrogen exchanger 9B2 (LOC101158668), transcript variant X3, mRNA"
101164486,sncaip,0.634193319,148.447164,0.3909842,"synuclein alpha interacting protein (sncaip), transcript variant X1, mRNA;synuclein alpha interacting protein (sncaip), transcript variant X2, mRNA"
101164262,LOC101164262,0.716971323,148.5091832,0.357859281,"la-related protein 4B (LOC101164262), transcript variant X3, mRNA;la-related protein 4B (LOC101164262), transcript variant X1, mRNA;la-related protein 4B (LOC101164262), transcript variant X4, mRNA;la-related protein 4B (LOC101164262), transcript variant X2, mRNA"
101171658,LOC101171658,2.558343634,148.625935,0.334529878,"thyrotropin subunit beta-like (LOC101171658), mRNA"
101170614,prkn,0.806492532,148.6378183,0.365553289,"parkin RBR E3 ubiquitin protein ligase (prkn), mRNA"
101159702,LOC101159702,1.505230624,148.8294006,0.32879733,"lipolysis-stimulated lipoprotein receptor (LOC101159702), transcript variant X2, mRNA;lipolysis-stimulated lipoprotein receptor (LOC101159702), transcript variant X1, mRNA"
101163353,fbxo43,1.17706731,149.1153886,0.35303855,"F-box protein 43 (fbxo43), transcript variant X2, mRNA;F-box protein 43 (fbxo43), transcript variant X1, mRNA"
101172720,LOC101172720,2.037059317,149.2152991,0.341286473,"1-phosphatidylinositol 4,5-bisphosphate phosphodiesterase delta-3-A-like (LOC101172720), mRNA"
101155710,LOC101155710,2.263589072,149.3991966,0.673769253,"deoxycytidine kinase (LOC101155710), mRNA"
101169636,rad54b,0.756002685,149.5303363,0.400986351,"RAD54 homolog B (rad54b), mRNA"
101154964,trabd2a,0.582477934,149.5475292,0.426447288,"TraB domain containing 2A (trabd2a), mRNA"
BGI_novel_G000668,NA,0.603997334,149.6949557,0.459267355,NA
101167136,LOC101167136,0.85871232,150.4542392,0.422581974,"transmembrane channel-like protein 2-A (LOC101167136), mRNA"
101170888,tshr,1.39700849,150.5326393,0.311591548,"thyroid stimulating hormone receptor (tshr), mRNA"
101158246,degs2,1.76129247,150.5391219,0.373960339,"delta 4-desaturase, sphingolipid 2 (degs2), mRNA"
101170808,LOC101170808,1.428768378,150.6756449,0.392838386,"aggrecan core protein (LOC101170808), mRNA"
101174814,fgf3,0.615372867,150.739733,0.39504757,"fibroblast growth factor 3 (fgf3), transcript variant X1, mRNA;fibroblast growth factor 3 (fgf3), transcript variant X2, mRNA"
101161642,LOC101161642,0.782358265,151.0437297,0.350687138,"uncharacterized LOC101161642 (LOC101161642), transcript variant X3, mRNA;uncharacterized LOC101161642 (LOC101161642), transcript variant X2, mRNA;uncharacterized LOC101161642 (LOC101161642), transcript variant X1, mRNA"
101156121,tnn,3.518434749,151.2421192,0.302266572,"tenascin N (tnn), mRNA"
111949050,LOC111949050,6.513788195,151.5079302,0.352609122,"uncharacterized LOC111949050 (LOC111949050), mRNA"
101159897,gins3,0.635741681,151.9073539,0.326507984,"GINS complex subunit 3 (gins3), mRNA"
101161718,LOC101161718,5.229422977,151.9325981,0.336150343,"NXPE family member 3-like (LOC101161718), mRNA"
111947538,LOC111947538,1.482248193,152.3730696,0.390570084,"transient receptor potential cation channel subfamily M member 1-like (LOC111947538), transcript variant X1, mRNA;transient receptor potential cation channel subfamily M member 1-like (LOC111947538), transcript variant X2, mRNA"
101173685,tpx2,0.970709793,152.7601308,0.30543886,"TPX2, microtubule nucleation factor (tpx2), transcript variant X3, mRNA;TPX2, microtubule nucleation factor (tpx2), transcript variant X2, mRNA;TPX2, microtubule nucleation factor (tpx2), transcript variant X1, mRNA"
BGI_novel_G000253,NA,7.545386065,152.8426875,0.30122856,NA
101166169,LOC101166169,0.678006748,153.0011205,0.336186406,"probable endonuclease 4 (LOC101166169), mRNA"
101172438,ccne2,0.819776466,153.4603028,0.313313761,"cyclin E2 (ccne2), transcript variant X2, mRNA;cyclin E2 (ccne2), transcript variant X1, mRNA"
101175443,hspbap1,1.143844942,153.4674547,0.393064133,"HSPB1 associated protein 1 (hspbap1), transcript variant X1, mRNA;HSPB1 associated protein 1 (hspbap1), transcript variant X2, mRNA"
105354953,LOC105354953,1.035007004,153.5507171,0.358458077,"uncharacterized LOC105354953 (LOC105354953), transcript variant X3, mRNA;uncharacterized LOC105354953 (LOC105354953), transcript variant X1, mRNA;uncharacterized LOC105354953 (LOC105354953), transcript variant X2, mRNA"
101163142,LOC101163142,8.893964081,154.0066552,0.599460609,"alpha-tectorin (LOC101163142), mRNA"
101160135,LOC101160135,3.204826579,154.1393345,0.377007954,"disco-interacting protein 2 homolog A-like (LOC101160135), mRNA"
101156530,iba57,0.616715131,154.3555507,0.316806289,"IBA57, iron-sulfur cluster assembly (iba57), mRNA"
101170113,LOC101170113,1.39950726,154.3578662,0.34835768,"cholesterol 7-desaturase-like (LOC101170113), transcript variant X2, mRNA;cholesterol 7-desaturase-like (LOC101170113), transcript variant X3, mRNA;cholesterol 7-desaturase-like (LOC101170113), transcript variant X1, mRNA"
101170456,hcrtr2,0.609314294,154.564631,0.365414517,"hypocretin receptor 2 (hcrtr2), mRNA"
BGI_novel_G000575,NA,2.422434897,154.6047748,0.307140159,NA
101157556,LOC101157556,0.601870125,154.8844932,0.430309403,"trichohyalin (LOC101157556), transcript variant X9, mRNA;trichohyalin (LOC101157556), transcript variant X8, mRNA;trichohyalin (LOC101157556), transcript variant X16, mRNA;trichohyalin (LOC101157556), transcript variant X11, mRNA;trichohyalin (LOC101157556), transcript variant X3, mRNA;trichohyalin (LOC101157556), transcript variant X1, mRNA;trichohyalin (LOC101157556), transcript variant X6, mRNA;trichohyalin (LOC101157556), transcript variant X14, mRNA;trichohyalin (LOC101157556), transcript variant X13, mRNA;trichohyalin (LOC101157556), transcript variant X5, mRNA;trichohyalin (LOC101157556), transcript variant X18, mRNA;trichohyalin (LOC101157556), transcript variant X17, mRNA;trichohyalin (LOC101157556), transcript variant X7, mRNA;trichohyalin (LOC101157556), transcript variant X12, mRNA;trichohyalin (LOC101157556), transcript variant X4, mRNA;trichohyalin (LOC101157556), transcript variant X10, mRNA;trichohyalin (LOC101157556), transcript variant X2, mRNA;trichohyalin (LOC101157556), transcript variant X15, mRNA"
101170786,ntpcr,0.600168135,154.968811,0.329627415,"nucleoside-triphosphatase, cancer-related (ntpcr), transcript variant X1, mRNA"
105354157,LOC105354157,0.937123259,155.130317,0.304445046,"putative methyltransferase NSUN7 (LOC105354157), mRNA"
101155528,nobox,4.572754905,155.1409922,0.368297325,"NOBOX oogenesis homeobox (nobox), mRNA"
BGI_novel_G000438,NA,5.131199244,155.2778382,0.389659444,NA
101173206,depdc1b,0.851517826,155.37694,0.303291994,"DEP domain containing 1B (depdc1b), mRNA"
101164498,LOC101164498,1.455248179,155.766231,0.307397137,"kinesin-like protein KIF11-B (LOC101164498), transcript variant X2, mRNA;kinesin-like protein KIF11-B (LOC101164498), transcript variant X1, mRNA;kinesin-like protein KIF11-B (LOC101164498), transcript variant X3, mRNA"
101159461,nanp,0.951717351,155.8909733,0.316038389,"N-acetylneuraminic acid phosphatase (nanp), mRNA"
101171392,LOC101171392,0.791277855,155.9776604,0.415796894,"NACHT, LRR and PYD domains-containing protein 12 (LOC101171392), mRNA"
105354246,LOC105354246,8.346744489,156.113143,0.311615486,"general vesicular transport factor p115 (LOC105354246), mRNA"
101159552,LOC101159552,1.026688259,156.3985215,0.331466095,"galectin-3 (LOC101159552), mRNA"
100049516,vsx2,1.067575144,156.5675096,0.48738712,"visual system homeobox 2 (vsx2), transcript variant X2, mRNA;visual system homeobox 2 (vsx2), mRNA;visual system homeobox 2 (vsx2), transcript variant X1, mRNA"
101165521,LOC101165521,6.868543714,157.0483877,0.324784528,"myozenin-2 (LOC101165521), mRNA"
101168237,invs,0.629049164,157.3052158,0.32219138,"inversin (invs), transcript variant X1, mRNA"
BGI_novel_G000028,NA,5.480665429,157.4302402,0.340586573,NA
101171127,LOC101171127,1.353027423,157.885885,0.374449556,"Krueppel-like factor 11 (LOC101171127), transcript variant X1, mRNA;Krueppel-like factor 11 (LOC101171127), transcript variant X2, mRNA"
101173870,LOC101173870,0.904504227,157.9087212,0.320711639,"kazal-type serine protease inhibitor domain-containing protein 1 (LOC101173870), mRNA"
101155416,ankle1,2.620849609,158.6323863,0.642793398,"ankyrin repeat and LEM domain containing 1 (ankle1), transcript variant X2, mRNA;ankyrin repeat and LEM domain containing 1 (ankle1), transcript variant X1, mRNA"
105353750,LOC105353750,0.750381674,158.7533487,0.382664653,"glucocorticoid modulatory element-binding protein 1 (LOC105353750), transcript variant X4, mRNA;glucocorticoid modulatory element-binding protein 1 (LOC105353750), transcript variant X3, mRNA;glucocorticoid modulatory element-binding protein 1 (LOC105353750), transcript variant X2, mRNA;glucocorticoid modulatory element-binding protein 1 (LOC105353750), transcript variant X1, mRNA"
BGI_novel_G000617,NA,2.291499867,158.7816519,0.417711976,NA
105357595,LOC105357595,6.052426513,159.2152947,0.360907339,"G2/M phase-specific E3 ubiquitin-protein ligase-like (LOC105357595), transcript variant X1, mRNA;G2/M phase-specific E3 ubiquitin-protein ligase-like (LOC105357595), transcript variant X2, mRNA"
101172133,LOC101172133,1.069225893,159.7920436,0.336391497,"ATPase family AAA domain-containing protein 5 (LOC101172133), transcript variant X2, mRNA;ATPase family AAA domain-containing protein 5 (LOC101172133), transcript variant X1, mRNA;ATPase family AAA domain-containing protein 5 (LOC101172133), transcript variant X3, mRNA"
101167860,cenpf,0.698155028,160.1721972,0.304546667,"centromere protein F (cenpf), transcript variant X2, mRNA;centromere protein F (cenpf), transcript variant X3, mRNA;centromere protein F (cenpf), transcript variant X1, mRNA"
101164089,LOC101164089,0.964557873,160.5379877,0.347024736,"fatty acid-binding protein, adipocyte (LOC101164089), mRNA"
110017569,LOC110017569,0.611616478,160.8024312,0.417922949,"SIN3-HDAC complex-associated factor (LOC110017569), transcript variant X1, mRNA;SIN3-HDAC complex-associated factor (LOC110017569), transcript variant X2, mRNA"
100049438,hes6,0.65485787,160.8563037,0.439760301,"hes family bHLH transcription factor 6 (hes6), mRNA"
101167350,LOC101167350,0.689853011,161.0992341,0.302415451,"solute carrier family 15 member 1 (LOC101167350), mRNA"
101168470,wdr31,0.676561422,161.1978153,0.580979628,"WD repeat domain 31 (wdr31), transcript variant X1, mRNA;WD repeat domain 31 (wdr31), transcript variant X2, mRNA"
101170609,LOC101170609,1.225747814,161.6050699,0.321956179,"extracellular calcium-sensing receptor-like (LOC101170609), mRNA"
111948489,LOC111948489,3.202896823,161.7230467,0.327788424,"extracellular calcium-sensing receptor-like (LOC111948489), partial mRNA"
101155286,LOC101155286,6.025721101,161.8055592,0.346285052,"torsin-1A-like (LOC101155286), transcript variant X2, mRNA;torsin-1A-like (LOC101155286), transcript variant X1, mRNA"
BGI_novel_G000771,NA,2.54818077,162.6335633,0.440056103,NA
BGI_novel_G000508,NA,7.627703109,163.1151835,0.309574481,NA
101166219,hapln3,0.787729214,163.6505556,0.357369861,"hyaluronan and proteoglycan link protein 3 (hapln3), mRNA"
101164079,dcc,0.594030424,164.0478477,0.445456141,"DCC netrin 1 receptor (dcc), mRNA"
101157565,LOC101157565,0.587472516,164.8293396,0.311826681,"B-cell lymphoma 6 protein homolog (LOC101157565), mRNA"
105355587,LOC105355587,1.985525915,164.9989426,0.394520816,"gastrula zinc finger protein XlCGF8.2DB (LOC105355587), transcript variant X3, mRNA;gastrula zinc finger protein XlCGF8.2DB (LOC105355587), transcript variant X5, mRNA;gastrula zinc finger protein XlCGF8.2DB (LOC105355587), transcript variant X2, mRNA;gastrula zinc finger protein XlCGF8.2DB (LOC105355587), transcript variant X6, mRNA;gastrula zinc finger protein XlCGF8.2DB (LOC105355587), transcript variant X4, mRNA;gastrula zinc finger protein XlCGF8.2DB (LOC105355587), transcript variant X1, mRNA"
105355603,LOC105355603,1.100657541,165.483054,0.3091261,"reticulocyte-binding protein 2 homolog a (LOC105355603), transcript variant X2, mRNA;reticulocyte-binding protein 2 homolog a (LOC105355603), transcript variant X1, mRNA"
101157597,tk1,1.457928727,166.3505212,0.318318142,"thymidine kinase 1 (tk1), mRNA"
101160131,LOC101160131,0.677532921,168.0200798,0.327342438,"cyclin-dependent kinase 5 activator 2 (LOC101160131), transcript variant X2, mRNA;cyclin-dependent kinase 5 activator 2 (LOC101160131), transcript variant X3, mRNA;cyclin-dependent kinase 5 activator 2 (LOC101160131), transcript variant X4, mRNA;cyclin-dependent kinase 5 activator 2 (LOC101160131), transcript variant X1, mRNA"
BGI_novel_G000224,NA,1.785225216,168.0691965,0.447655687,NA
101166930,pcsk6,1.945729244,168.2277027,0.326481963,"proprotein convertase subtilisin/kexin type 6 (pcsk6), transcript variant X3, mRNA;proprotein convertase subtilisin/kexin type 6 (pcsk6), transcript variant X2, mRNA;proprotein convertase subtilisin/kexin type 6 (pcsk6), transcript variant X5, mRNA;proprotein convertase subtilisin/kexin type 6 (pcsk6), transcript variant X1, mRNA;proprotein convertase subtilisin/kexin type 6 (pcsk6), transcript variant X4, mRNA;proprotein convertase subtilisin/kexin type 6 (pcsk6), transcript variant X6, mRNA;proprotein convertase subtilisin/kexin type 6 (pcsk6), transcript variant X7, mRNA"
BGI_novel_G000456,NA,1.295536964,169.2564108,0.336075356,NA
105356938,LOC105356938,0.837506645,170.1959102,0.351139799,"zona pellucida sperm-binding protein 3 (LOC105356938), mRNA"
BGI_novel_G000435,NA,1.619696891,171.2965842,0.306416919,NA
101156547,LOC101156547,0.82967179,171.9955073,0.312807639,"uncharacterized LOC101156547 (LOC101156547), mRNA"
110016570,LOC110016570,0.741251363,172.0828114,0.311962442,"uncharacterized LOC110016570 (LOC110016570), mRNA"
105356225,LOC105356225,1.77818322,172.1032836,0.318830482,"retinol-binding protein 2 (LOC105356225), mRNA"
101161862,LOC101161862,0.796406253,172.2509942,0.396683341,"gastrula zinc finger protein XlCGF26.1 (LOC101161862), transcript variant X2, mRNA;gastrula zinc finger protein XlCGF26.1 (LOC101161862), transcript variant X1, mRNA"
BGI_novel_G000629,NA,2.239324581,172.2623598,0.311149736,NA
100049213,ccnb2,0.983121451,173.0975734,0.346164288,"cyclin B2 (ccnb2), mRNA"
101155823,LOC101155823,5.934130817,173.3103748,0.387620266,"2-iminobutanoate/2-iminopropanoate deaminase (LOC101155823), transcript variant X1, mRNA;2-iminobutanoate/2-iminopropanoate deaminase (LOC101155823), transcript variant X2, mRNA"
101170123,LOC101170123,7.757283415,173.4758411,0.693845507,"C-type lectin domain family 10 member A-like (LOC101170123), transcript variant X1, mRNA"
101171537,LOC101171537,1.786900229,173.5782493,0.312268071,"fer-1-like protein 6 (LOC101171537), mRNA"
101168063,LOC101168063,1.632523035,174.8518695,0.348566268,"uncharacterized LOC101168063 (LOC101168063), mRNA"
101172789,LOC101172789,7.50385592,175.0645388,0.399395427,"histone H2B 1/2 (LOC101172789), mRNA"
BGI_novel_G000458,NA,1.777090801,176.0682843,0.435342167,NA
101164777,LOC101164777,1.40115126,176.1165197,0.483875153,"pro-opiomelanocortin-like (LOC101164777), mRNA"
111946272,LOC111946272,2.955732551,176.4000575,0.32858635,"perforin-1-like (LOC111946272), mRNA"
101170330,LOC101170330,2.344134098,177.0719649,0.396631101,"xin actin-binding repeat-containing protein 2 (LOC101170330), transcript variant X2, mRNA;xin actin-binding repeat-containing protein 2 (LOC101170330), transcript variant X1, mRNA"
101172520,habp2,0.712584711,177.1453549,0.377022492,"hyaluronan binding protein 2 (habp2), mRNA"
BGI_novel_G000425,NA,1.121929023,177.4183578,0.377639937,NA
101155484,LOC101155484,1.659458675,177.7582506,0.321102703,"nesprin-2-like (LOC101155484), mRNA"
105354030,gabrg3,0.680295919,178.2927093,0.373325248,"gamma-aminobutyric acid type A receptor gamma3 subunit (gabrg3), transcript variant X2, mRNA;gamma-aminobutyric acid type A receptor gamma3 subunit (gabrg3), transcript variant X1, mRNA"
101167732,LOC101167732,0.633778484,178.6403737,0.460098992,"microfibrillar-associated protein 2 (LOC101167732), transcript variant X3, mRNA;microfibrillar-associated protein 2 (LOC101167732), transcript variant X1, mRNA;microfibrillar-associated protein 2 (LOC101167732), transcript variant X2, mRNA"
101174753,ocln,1.309114383,179.8363135,0.362192555,"occludin (ocln), transcript variant X2, mRNA;occludin (ocln), transcript variant X1, mRNA"